캠페인,그룹,키워드
nj_ns_na_bsa_low_cov-mo,2604_blst_mo_non_n_mfall,BC151KR
nj_ns_na_bsa_low_cov-mo,2604_blst_mo_non_n_mfall,BC251KR
nj_ns_na_bsa_low_cov-mo,2604_blst_mo_non_n_mfall,NINJA
nj_ns_na_bsa_low_cov-mo,2604_blst_mo_non_n_mfall,닌자
nj_ns_na_bsa_low_cov-mo,2604_blst_mo_non_n_mfall,닌자무선믹서기
nj_ns_na_bsa_low_cov-mo,2604_blst_mo_non_n_mfall,닌자무선블라스트
nj_ns_na_bsa_low_cov-mo,2604_blst_mo_non_n_mfall,닌자무선블라스트포터블블렌더
nj_ns_na_bsa_low_cov-mo,2604_blst_mo_non_n_mfall,닌자무선블랜더
nj_ns_na_bsa_low_cov-mo,2604_blst_mo_non_n_mfall,닌자무선블렌더
nj_ns_na_bsa_low_cov-mo,2604_blst_mo_non_n_mfall,닌자미니믹서기
nj_ns_na_bsa_low_cov-mo,2604_blst_mo_non_n_mfall,닌자미니블렌더
nj_ns_na_bsa_low_cov-mo,2604_blst_mo_non_n_mfall,닌자블라스터
nj_ns_na_bsa_low_cov-mo,2604_blst_mo_non_n_mfall,닌자블라스트
nj_ns_na_bsa_low_cov-mo,2604_blst_mo_non_n_mfall,닌자블라스트맥스
nj_ns_na_bsa_low_cov-mo,2604_blst_mo_non_n_mfall,닌자블라스트무선블렌더
nj_ns_na_bsa_low_cov-mo,2604_blst_mo_non_n_mfall,닌자블라스트블렌더
nj_ns_na_bsa_low_cov-mo,2604_blst_mo_non_n_mfall,닌자블러스트
nj_ns_na_bsa_low_cov-mo,2604_blst_mo_non_n_mfall,닌자블렌더무선
nj_ns_na_bsa_low_cov-mo,2604_blst_mo_non_n_mfall,닌자샤크
nj_ns_na_bsa_low_cov-mo,2604_blst_mo_non_n_mfall,닌자소형믹서기
nj_ns_na_bsa_low_cov-mo,2604_blst_mo_non_n_mfall,닌자포터블
nj_ns_na_bsa_low_cov-mo,2604_blst_mo_non_n_mfall,닌자포터블블렌더
nj_ns_na_bsa_low_cov-mo,2604_blst_mo_non_n_mfall,닌자휴대용믹서기
nj_ns_na_bsa_low_cov-mo,2604_blst_mo_non_n_mfall,닌자휴대용블렌더
nj_ns_na_bsa_low_cov-mo,2604_blst_mo_non_n_mfall,샤크닌자무선블렌더
nj_ns_na_bsa_low_cov-mo,2604_blst_mo_non_n_mfall,샤크닌자블라스트
nj_ns_na_bsa_low_cov-mo,2604_blst_mo_non_n_mfall,샤크믹서기
nj_ns_na_bsa_low_cov-mo,2604_blst_mo_non_n_mfall,샤크블렌더
nj_ns_na_bsa_low_cov-mo,2604_h_mo_non_n_mfall,AF181KR
nj_ns_na_bsa_low_cov-mo,2604_h_mo_non_n_mfall,AG301KR
nj_ns_na_bsa_low_cov-mo,2604_h_mo_non_n_mfall,AG551KR
nj_ns_na_bsa_low_cov-mo,2604_h_mo_non_n_mfall,SFP701KR
nj_ns_na_bsa_low_cov-mo,2604_h_mo_non_n_mfall,닌자AG551KR
nj_ns_na_bsa_low_cov-mo,2604_h_mo_non_n_mfall,닌자그릴
nj_ns_na_bsa_low_cov-mo,2604_h_mo_non_n_mfall,닌자멀티쿠커
nj_ns_na_bsa_low_cov-mo,2604_h_mo_non_n_mfall,닌자스마트에어그릴
nj_ns_na_bsa_low_cov-mo,2604_h_mo_non_n_mfall,닌자에어그릴
nj_ns_na_bsa_low_cov-mo,2604_h_mo_non_n_mfall,닌자에어프라이기
nj_ns_na_bsa_low_cov-mo,2604_h_mo_non_n_mfall,닌자에어프라이어
nj_ns_na_bsa_low_cov-mo,2604_h_mo_non_n_mfall,닌자에어프라이어맥스프로
nj_ns_na_bsa_low_cov-mo,2604_h_mo_non_n_mfall,닌자오븐
nj_ns_na_bsa_low_cov-mo,2604_h_mo_non_n_mfall,닌자올인원멀티쿠커
nj_ns_na_bsa_low_cov-mo,2604_h_mo_non_n_mfall,닌자콤비
nj_ns_na_bsa_low_cov-mo,2604_h_mo_non_n_mfall,닌자콤비멀티쿠커
nj_ns_na_bsa_low_cov-mo,2604_h_mo_non_n_mfall,닌자콤비올인원
nj_ns_na_bsa_low_cov-mo,2604_h_mo_non_n_mfall,닌자쿠커
nj_ns_na_bsa_low_cov-mo,2604_h_mo_non_n_mfall,닌자푸디
nj_ns_na_bsa_low_cov-mo,2604_h_mo_non_n_mfall,닌자푸디그릴
nj_ns_na_bsa_low_cov-mo,2604_h_mo_non_n_mfall,닌자푸디에어그릴
nj_ns_na_bsa_low_cov-mo,2604_h_mo_non_n_mfall,닌자푸디파워
nj_ns_na_bsa_low_cov-mo,2604_h_mo_non_n_mfall,샤크닌자그릴
nj_ns_na_bsa_low_cov-mo,2604_h_mo_non_n_mfall,샤크닌자에어그릴
nj_ns_na_bsa_low_cov-mo,2604_h_mo_non_n_mfall,샤크닌자에어프라이어
nj_ns_na_bsa_low_cov-mo,2604_m_mo_non_n_mfall,BN300KR
nj_ns_na_bsa_low_cov-mo,2604_m_mo_non_n_mfall,BN500KR
nj_ns_na_bsa_low_cov-mo,2604_m_mo_non_n_mfall,BR201KR
nj_ns_na_bsa_low_cov-mo,2604_m_mo_non_n_mfall,NJ1001KR
nj_ns_na_bsa_low_cov-mo,2604_m_mo_non_n_mfall,QX201KR
nj_ns_na_bsa_low_cov-mo,2604_m_mo_non_n_mfall,TB401KR
nj_ns_na_bsa_low_cov-mo,2604_m_mo_non_n_mfall,닌자TB401KR
nj_ns_na_bsa_low_cov-mo,2604_m_mo_non_n_mfall,닌자뉴트리블렌더
nj_ns_na_bsa_low_cov-mo,2604_m_mo_non_n_mfall,닌자다지기
nj_ns_na_bsa_low_cov-mo,2604_m_mo_non_n_mfall,닌자디텍트파워
nj_ns_na_bsa_low_cov-mo,2604_m_mo_non_n_mfall,닌자디텍트파워블렌더
nj_ns_na_bsa_low_cov-mo,2604_m_mo_non_n_mfall,닌자믹서
nj_ns_na_bsa_low_cov-mo,2604_m_mo_non_n_mfall,닌자믹서기
nj_ns_na_bsa_low_cov-mo,2604_m_mo_non_n_mfall,닌자블랜더
nj_ns_na_bsa_low_cov-mo,2604_m_mo_non_n_mfall,닌자블렌더
nj_ns_na_bsa_low_cov-mo,2604_m_mo_non_n_mfall,닌자블렌더추천
nj_ns_na_bsa_low_cov-mo,2604_m_mo_non_n_mfall,닌자올인원
nj_ns_na_bsa_low_cov-mo,2604_m_mo_non_n_mfall,닌자올인원블렌더
nj_ns_na_bsa_low_cov-mo,2604_m_mo_non_n_mfall,닌자초고속블렌더
nj_ns_na_bsa_low_cov-mo,2604_m_mo_non_n_mfall,닌자초퍼
nj_ns_na_bsa_low_cov-mo,2604_m_mo_non_n_mfall,닌자초퍼다지기
nj_ns_na_bsa_low_cov-mo,2604_m_mo_non_n_mfall,닌자초퍼블렌더
nj_ns_na_bsa_low_cov-mo,2604_m_mo_non_n_mfall,닌자쵸퍼
nj_ns_na_bsa_low_cov-mo,2604_m_mo_non_n_mfall,닌자콰이어트IQ
nj_ns_na_bsa_low_cov-mo,2604_m_mo_non_n_mfall,닌자푸드프로세서
nj_ns_na_bsa_low_cov-mo,2604_m_mo_non_n_mfall,닌자핸드블렌더
nj_ns_na_bsa_low_cov-mo,2604_m_mo_non_n_mfall,샤크닌자믹서기
nj_ns_na_bsa_low_cov-mo,2604_m_mo_non_n_mfall,샤크닌자블렌더
nj_ns_na_bsa_low_cov-mo,2604_m_mo_non_n_mfall,샤크닌자초퍼
nj_ns_na_bsa_low_cov-pc,2604_blst_pc_non_n_mfall,BC151KR
nj_ns_na_bsa_low_cov-pc,2604_blst_pc_non_n_mfall,BC251KR
nj_ns_na_bsa_low_cov-pc,2604_blst_pc_non_n_mfall,NINJA
nj_ns_na_bsa_low_cov-pc,2604_blst_pc_non_n_mfall,닌자
nj_ns_na_bsa_low_cov-pc,2604_blst_pc_non_n_mfall,닌자무선믹서기
nj_ns_na_bsa_low_cov-pc,2604_blst_pc_non_n_mfall,닌자무선블라스트
nj_ns_na_bsa_low_cov-pc,2604_blst_pc_non_n_mfall,닌자무선블라스트포터블블렌더
nj_ns_na_bsa_low_cov-pc,2604_blst_pc_non_n_mfall,닌자무선블렌더
nj_ns_na_bsa_low_cov-pc,2604_blst_pc_non_n_mfall,닌자미니믹서기
nj_ns_na_bsa_low_cov-pc,2604_blst_pc_non_n_mfall,닌자미니블렌더
nj_ns_na_bsa_low_cov-pc,2604_blst_pc_non_n_mfall,닌자블라스터
nj_ns_na_bsa_low_cov-pc,2604_blst_pc_non_n_mfall,닌자블라스트
nj_ns_na_bsa_low_cov-pc,2604_blst_pc_non_n_mfall,닌자블라스트맥스
nj_ns_na_bsa_low_cov-pc,2604_blst_pc_non_n_mfall,닌자블라스트무선블렌더
nj_ns_na_bsa_low_cov-pc,2604_blst_pc_non_n_mfall,닌자블라스트블렌더
nj_ns_na_bsa_low_cov-pc,2604_blst_pc_non_n_mfall,닌자블러스트
nj_ns_na_bsa_low_cov-pc,2604_blst_pc_non_n_mfall,닌자블렌더무선
nj_ns_na_bsa_low_cov-pc,2604_blst_pc_non_n_mfall,닌자샤크
nj_ns_na_bsa_low_cov-pc,2604_blst_pc_non_n_mfall,닌자소형믹서기
nj_ns_na_bsa_low_cov-pc,2604_blst_pc_non_n_mfall,닌자포터블블렌더
nj_ns_na_bsa_low_cov-pc,2604_blst_pc_non_n_mfall,닌자휴대용블렌더
nj_ns_na_bsa_low_cov-pc,2604_blst_pc_non_n_mfall,샤크닌자블라스트
nj_ns_na_bsa_low_cov-pc,2604_blst_pc_non_n_mfall,샤크믹서기
nj_ns_na_bsa_low_cov-pc,2604_blst_pc_non_n_mfall,샤크블렌더
nj_ns_na_bsa_low_cov-pc,2604_h_pc_non_n_mfall,AF181KR
nj_ns_na_bsa_low_cov-pc,2604_h_pc_non_n_mfall,AG301KR
nj_ns_na_bsa_low_cov-pc,2604_h_pc_non_n_mfall,AG551KR
nj_ns_na_bsa_low_cov-pc,2604_h_pc_non_n_mfall,SFP701KR
nj_ns_na_bsa_low_cov-pc,2604_h_pc_non_n_mfall,닌자AG551KR
nj_ns_na_bsa_low_cov-pc,2604_h_pc_non_n_mfall,닌자그릴
nj_ns_na_bsa_low_cov-pc,2604_h_pc_non_n_mfall,닌자멀티쿠커
nj_ns_na_bsa_low_cov-pc,2604_h_pc_non_n_mfall,닌자에어그릴
nj_ns_na_bsa_low_cov-pc,2604_h_pc_non_n_mfall,닌자에어프라이기
nj_ns_na_bsa_low_cov-pc,2604_h_pc_non_n_mfall,닌자에어프라이어
nj_ns_na_bsa_low_cov-pc,2604_h_pc_non_n_mfall,닌자오븐
nj_ns_na_bsa_low_cov-pc,2604_h_pc_non_n_mfall,닌자올인원멀티쿠커
nj_ns_na_bsa_low_cov-pc,2604_h_pc_non_n_mfall,닌자콤비
nj_ns_na_bsa_low_cov-pc,2604_h_pc_non_n_mfall,닌자콤비멀티쿠커
nj_ns_na_bsa_low_cov-pc,2604_h_pc_non_n_mfall,닌자쿠커
nj_ns_na_bsa_low_cov-pc,2604_h_pc_non_n_mfall,닌자푸디
nj_ns_na_bsa_low_cov-pc,2604_h_pc_non_n_mfall,닌자푸디에어그릴
nj_ns_na_bsa_low_cov-pc,2604_h_pc_non_n_mfall,닌자푸디파워
nj_ns_na_bsa_low_cov-pc,2604_h_pc_non_n_mfall,샤크닌자그릴
nj_ns_na_bsa_low_cov-pc,2604_h_pc_non_n_mfall,샤크닌자에어그릴
nj_ns_na_bsa_low_cov-pc,2604_h_pc_non_n_mfall,샤크닌자에어프라이어
nj_ns_na_bsa_low_cov-pc,2604_m_pc_non_n_mfall,BN500KR
nj_ns_na_bsa_low_cov-pc,2604_m_pc_non_n_mfall,NJ1001KR
nj_ns_na_bsa_low_cov-pc,2604_m_pc_non_n_mfall,QX201KR
nj_ns_na_bsa_low_cov-pc,2604_m_pc_non_n_mfall,TB401KR
nj_ns_na_bsa_low_cov-pc,2604_m_pc_non_n_mfall,닌자다지기
nj_ns_na_bsa_low_cov-pc,2604_m_pc_non_n_mfall,닌자디텍트파워블렌더
nj_ns_na_bsa_low_cov-pc,2604_m_pc_non_n_mfall,닌자믹서
nj_ns_na_bsa_low_cov-pc,2604_m_pc_non_n_mfall,닌자믹서기
nj_ns_na_bsa_low_cov-pc,2604_m_pc_non_n_mfall,닌자블랜더
nj_ns_na_bsa_low_cov-pc,2604_m_pc_non_n_mfall,닌자블렌더
nj_ns_na_bsa_low_cov-pc,2604_m_pc_non_n_mfall,닌자올인원
nj_ns_na_bsa_low_cov-pc,2604_m_pc_non_n_mfall,닌자올인원블렌더
nj_ns_na_bsa_low_cov-pc,2604_m_pc_non_n_mfall,닌자초퍼
nj_ns_na_bsa_low_cov-pc,2604_m_pc_non_n_mfall,닌자초퍼다지기
nj_ns_na_bsa_low_cov-pc,2604_m_pc_non_n_mfall,닌자초퍼블렌더
nj_ns_na_bsa_low_cov-pc,2604_m_pc_non_n_mfall,닌자쵸퍼
nj_ns_na_bsa_low_cov-pc,2604_m_pc_non_n_mfall,닌자푸드프로세서
nj_ns_na_bsa_low_cov-pc,2604_m_pc_non_n_mfall,닌자핸드블렌더
nj_ns_na_bsa_low_cov-pc,2604_m_pc_non_n_mfall,샤크닌자믹서기
nj_ns_na_bsa_low_cov-pc,2604_m_pc_non_n_mfall,샤크닌자블렌더
nj_ns_na_bsa_low_cov-pc,2604_m_pc_non_n_mfall,샤크닌자초퍼
sh_ns_na_bsa_low_cov-mo,2604_fc_mo_non_n_mfall,CS851AED
sh_ns_na_bsa_low_cov-mo,2604_fc_mo_non_n_mfall,SHARK
sh_ns_na_bsa_low_cov-mo,2604_fc_mo_non_n_mfall,SHARKNINJA
sh_ns_na_bsa_low_cov-mo,2604_fc_mo_non_n_mfall,SHARK청소기
sh_ns_na_bsa_low_cov-mo,2604_fc_mo_non_n_mfall,무선청소기샤크
sh_ns_na_bsa_low_cov-mo,2604_fc_mo_non_n_mfall,샤크
sh_ns_na_bsa_low_cov-mo,2604_fc_mo_non_n_mfall,샤크닌자
sh_ns_na_bsa_low_cov-mo,2604_fc_mo_non_n_mfall,샤크닌자청소기
sh_ns_na_bsa_low_cov-mo,2604_fc_mo_non_n_mfall,샤크닌자코리아
sh_ns_na_bsa_low_cov-mo,2604_fc_mo_non_n_mfall,샤크무선청소기
sh_ns_na_bsa_low_cov-mo,2604_fc_mo_non_n_mfall,샤크무선청소기에보파워
sh_ns_na_bsa_low_cov-mo,2604_fc_mo_non_n_mfall,샤크무선청소기추천
sh_ns_na_bsa_low_cov-mo,2604_fc_mo_non_n_mfall,샤크물걸레청소기
sh_ns_na_bsa_low_cov-mo,2604_fc_mo_non_n_mfall,샤크에보파워
sh_ns_na_bsa_low_cov-mo,2604_fc_mo_non_n_mfall,샤크에보파워네오+
sh_ns_na_bsa_low_cov-mo,2604_fc_mo_non_n_mfall,샤크에보파워부스트
sh_ns_na_bsa_low_cov-mo,2604_fc_mo_non_n_mfall,샤크에보파워시스템
sh_ns_na_bsa_low_cov-mo,2604_fc_mo_non_n_mfall,샤크에보파워시스템부스트
sh_ns_na_bsa_low_cov-mo,2604_fc_mo_non_n_mfall,샤크에보파워청소기
sh_ns_na_bsa_low_cov-mo,2604_fc_mo_non_n_mfall,샤크청소기
sh_ns_na_bsa_low_cov-mo,2604_fc_mo_non_n_mfall,샤크청소기비교
sh_ns_na_bsa_low_cov-mo,2604_fc_mo_non_n_mfall,샤크청소기추천
sh_ns_na_bsa_low_cov-mo,2604_fc_mo_non_n_mfall,샤크파워클린
sh_ns_na_bsa_low_cov-mo,2604_fc_mo_non_n_mfall,샤크파워클린360
sh_ns_na_bsa_low_cov-mo,2604_fc_mo_non_n_mfall,샤크핸디청소기
sh_ns_na_bsa_low_cov-pc,2604_fc_pc_non_n_mfall,CS851AED
sh_ns_na_bsa_low_cov-pc,2604_fc_pc_non_n_mfall,IW4271KR
sh_ns_na_bsa_low_cov-pc,2604_fc_pc_non_n_mfall,SHARK
sh_ns_na_bsa_low_cov-pc,2604_fc_pc_non_n_mfall,SHARKNINJA
sh_ns_na_bsa_low_cov-pc,2604_fc_pc_non_n_mfall,무선청소기샤크
sh_ns_na_bsa_low_cov-pc,2604_fc_pc_non_n_mfall,샤크
sh_ns_na_bsa_low_cov-pc,2604_fc_pc_non_n_mfall,샤크닌자
sh_ns_na_bsa_low_cov-pc,2604_fc_pc_non_n_mfall,샤크닌자청소기
sh_ns_na_bsa_low_cov-pc,2604_fc_pc_non_n_mfall,샤크닌자코리아
sh_ns_na_bsa_low_cov-pc,2604_fc_pc_non_n_mfall,샤크무선청소기
sh_ns_na_bsa_low_cov-pc,2604_fc_pc_non_n_mfall,샤크무선청소기에보파워
sh_ns_na_bsa_low_cov-pc,2604_fc_pc_non_n_mfall,샤크무선청소기추천
sh_ns_na_bsa_low_cov-pc,2604_fc_pc_non_n_mfall,샤크물걸레청소기
sh_ns_na_bsa_low_cov-pc,2604_fc_pc_non_n_mfall,샤크스팀청소기
sh_ns_na_bsa_low_cov-pc,2604_fc_pc_non_n_mfall,샤크에보파워
sh_ns_na_bsa_low_cov-pc,2604_fc_pc_non_n_mfall,샤크에보파워네오+
sh_ns_na_bsa_low_cov-pc,2604_fc_pc_non_n_mfall,샤크에보파워시스템
sh_ns_na_bsa_low_cov-pc,2604_fc_pc_non_n_mfall,샤크에보파워시스템부스트
sh_ns_na_bsa_low_cov-pc,2604_fc_pc_non_n_mfall,샤크청소기
sh_ns_na_bsa_low_cov-pc,2604_fc_pc_non_n_mfall,샤크청소기비교
sh_ns_na_bsa_low_cov-pc,2604_fc_pc_non_n_mfall,샤크청소기추천
sh_ns_na_bsa_low_cov-pc,2604_fc_pc_non_n_mfall,샤크파워클린
sh_ns_na_bsa_low_cov-pc,2604_fc_pc_non_n_mfall,샤크파워클린360
sh_ns_na_bsa_low_cov-pc,2604_fc_pc_non_n_mfall,샤크하이드로백
sh_ns_na_bsa_low_cov-pc,2604_fc_pc_non_n_mfall,샤크핸디청소기
